mean_fit_time,std_fit_time,mean_score_time,std_score_time,param_classifier__max_depth,param_classifier__max_features,param_classifier__min_samples_leaf,param_classifier__min_samples_split,param_classifier__n_estimators,params,split0_test_score,split1_test_score,split2_test_score,mean_test_score,std_test_score,rank_test_score,split0_train_score,split1_train_score,split2_train_score,mean_train_score,std_train_score
5.909028609593709,0.18694763249998297,0.5568183263142904,0.05080086618704451,,sqrt,1,2,120,"{'classifier__max_depth': None, 'classifier__max_features': 'sqrt', 'classifier__min_samples_leaf': 1, 'classifier__min_samples_split': 2, 'classifier__n_estimators': 120}",0.7884278199883109,0.7834749487254614,0.8004613610149942,0.7907880432429222,0.007132673223796884,4,0.9966059082338152,0.9967336683417085,0.9958558332286827,0.9963984699347354,0.00038723085910010726
10.07636284828186,0.27799083290058607,0.7625198364257812,0.03826035211893118,,sqrt,1,2,200,"{'classifier__max_depth': None, 'classifier__max_features': 'sqrt', 'classifier__min_samples_leaf': 1, 'classifier__min_samples_split': 2, 'classifier__n_estimators': 200}",0.7888726207906296,0.7862393413701853,0.8011527377521613,0.7920882333043253,0.006499101003993406,3,0.9964824120603015,0.9967336683417085,0.9957329317269076,0.9963163373763059,0.0004250913968775818
6.303720076878865,0.71114335196973,0.5897610187530518,0.16746138545017916,,sqrt,1,10,120,"{'classifier__max_depth': None, 'classifier__max_features': 'sqrt', 'classifier__min_samples_leaf': 1, 'classifier__min_samples_split': 10, 'classifier__n_estimators': 120}",0.7669021190716448,0.7685255920550038,0.7656749446766659,0.7670342186011049,0.001167514548993981,18,0.9305820610687023,0.933508729968907,0.9243557772236076,0.9294821894204056,0.003816754661704624
10.141316652297974,0.038900961095189056,0.8028752009073893,0.04756133215944403,,sqrt,1,10,200,"{'classifier__max_depth': None, 'classifier__max_features': 'sqrt', 'classifier__min_samples_leaf': 1, 'classifier__min_samples_split': 10, 'classifier__n_estimators': 200}",0.7682555780933062,0.7694656488549618,0.765748031496063,0.7678230861481103,0.0015482154606279316,16,0.9316606929510155,0.9331263434439934,0.9282991900905193,0.9310287421618427,0.0020207051119911956
5.397816737492879,0.5269742106988483,0.584147055943807,0.14469180427209943,,sqrt,4,2,120,"{'classifier__max_depth': None, 'classifier__max_features': 'sqrt', 'classifier__min_samples_leaf': 4, 'classifier__min_samples_split': 2, 'classifier__n_estimators': 120}",0.7487497023100739,0.7462971810797898,0.747850336974204,0.7476324067880226,0.001013026906778331,27,0.8759208103130756,0.8808182967475003,0.8742239595309267,0.8769876888638342,0.002795829419334416
10.20494810740153,0.2316501053959602,0.6933637460072836,0.04164623873482952,,sqrt,4,2,200,"{'classifier__max_depth': None, 'classifier__max_features': 'sqrt', 'classifier__min_samples_leaf': 4, 'classifier__min_samples_split': 2, 'classifier__n_estimators': 200}",0.750835322195704,0.7510223719028145,0.7476722532588455,0.749843315785788,0.001537071082752984,25,0.8797227036395148,0.8825023084025854,0.8756333486872409,0.8792861202431137,0.002821182457678138
5.9526894092559814,0.9848710638744658,0.4150380293528239,0.019781771932086727,,sqrt,4,10,120,"{'classifier__max_depth': None, 'classifier__max_features': 'sqrt', 'classifier__min_samples_leaf': 4, 'classifier__min_samples_split': 10, 'classifier__n_estimators': 120}",0.7441204139228599,0.7475177304964539,0.7472477064220183,0.7462952836137774,0.001541811030260043,29,0.8654810761513908,0.8679288321167883,0.8618922919275874,0.8651007333985888,0.0024790387681742037
10.066099643707275,0.20055785524412742,0.6830762227376302,0.04597849024570972,,sqrt,4,10,200,"{'classifier__max_depth': None, 'classifier__max_features': 'sqrt', 'classifier__min_samples_leaf': 4, 'classifier__min_samples_split': 10, 'classifier__n_estimators': 200}",0.7475224162340727,0.7506536724506775,0.7449355432780848,0.7477038773209449,0.0023379401764731097,26,0.8668490652074783,0.8734815493926198,0.8648648648648649,0.8683984931549876,0.003684413864384667
11.839319944381714,0.1829112687190193,0.38574997584025067,0.047453200246895345,,0.7,1,2,120,"{'classifier__max_depth': None, 'classifier__max_features': 0.7, 'classifier__min_samples_leaf': 1, 'classifier__min_samples_split': 2, 'classifier__n_estimators': 120}",0.7885346592570928,0.7868467410452143,0.8035036496350365,0.7929616833124479,0.007486078520936599,2,0.9966059082338152,0.9967336683417085,0.9956068783732899,0.9963154849829379,0.000503767907354071
20.018122673034668,0.5921218325542135,0.7812544504801432,0.15255785844846442,,0.7,1,2,200,"{'classifier__max_depth': None, 'classifier__max_features': 0.7, 'classifier__min_samples_leaf': 1, 'classifier__min_samples_split': 2, 'classifier__n_estimators': 200}",0.7886416861826698,0.7862393413701853,0.8045640725570509,0.7931483667033019,0.008131484909658478,1,0.9964824120603015,0.9967336683417085,0.9957329317269076,0.9963163373763059,0.0004250913968775818
14.237916390101114,1.9688898125798633,0.5325345198313395,0.08491930421109896,,0.7,1,10,120,"{'classifier__max_depth': None, 'classifier__max_features': 0.7, 'classifier__min_samples_leaf': 1, 'classifier__min_samples_split': 10, 'classifier__n_estimators': 120}",0.7814355099838101,0.7717886832931081,0.7823560486001057,0.7785267472923413,0.0047793289402972535,10,0.9680286384396988,0.968506854390515,0.9662228796844181,0.967586124171544,0.0009835308070630076
18.78741153081258,0.9823131207180209,0.6812072594960531,0.1569456220246677,,0.7,1,10,200,"{'classifier__max_depth': None, 'classifier__max_features': 0.7, 'classifier__min_samples_leaf': 1, 'classifier__min_samples_split': 10, 'classifier__n_estimators': 200}",0.7786177105831533,0.7734122712594187,0.7843758247558723,0.7788019355328147,0.004477747234302713,9,0.9698467622343054,0.9691434213774377,0.968322445457907,0.9691042096898834,0.0006229171031167561
11.139312267303467,0.057660132359181854,0.38719693819681805,0.04052371866830839,,0.7,4,2,120,"{'classifier__max_depth': None, 'classifier__max_features': 0.7, 'classifier__min_samples_leaf': 4, 'classifier__min_samples_split': 2, 'classifier__n_estimators': 120}",0.7744282744282744,0.7640681466184822,0.7700831024930748,0.7695265078466105,0.004247776693688289,14,0.9472532814778805,0.9461948618516723,0.9411195744166364,0.9448559059153965,0.002677087077123843
18.45457379023234,0.4821080307785276,0.8122093677520752,0.13390369619999332,,0.7,4,2,200,"{'classifier__max_depth': None, 'classifier__max_features': 0.7, 'classifier__min_samples_leaf': 4, 'classifier__min_samples_split': 2, 'classifier__n_estimators': 200}",0.7748636717735653,0.7675563617517491,0.769889224572004,0.7707697526991062,0.003047478988245556,11,0.9484184914841849,0.9515129420342691,0.9424869838963555,0.9474728058049365,0.003745016344405225
10.744313557942709,0.33440140278309455,0.5236904621124268,0.07655935086206403,,0.7,4,10,120,"{'classifier__max_depth': None, 'classifier__max_features': 0.7, 'classifier__min_samples_leaf': 4, 'classifier__min_samples_split': 10, 'classifier__n_estimators': 120}",0.7702944942381562,0.7656329435688867,0.7691158156911582,0.768347751166067,0.0019790496029777273,15,0.9356936416184971,0.9355149181905679,0.930662188099808,0.9339569159696244,0.0023308666940333356
18.103949228922527,0.36770811741752246,0.6600624720255533,0.027172027980945652,,0.7,4,10,200,"{'classifier__max_depth': None, 'classifier__max_features': 0.7, 'classifier__min_samples_leaf': 4, 'classifier__min_samples_split': 10, 'classifier__n_estimators': 200}",0.7694274028629857,0.7663694267515924,0.7664342629482072,0.7674103641875951,0.0014265073189703794,17,0.9380274897516276,0.9397009165460685,0.9312995435983665,0.9363426499653542,0.0036308658912764316
5.636234680811564,0.3667953529727012,0.4880082607269287,0.07062931394521389,12,sqrt,1,2,120,"{'classifier__max_depth': 12, 'classifier__max_features': 'sqrt', 'classifier__min_samples_leaf': 1, 'classifier__min_samples_split': 2, 'classifier__n_estimators': 120}",0.6633165829145728,0.6503613118399111,0.6504782928623988,0.6547187292056277,0.00607978823316644,43,0.6964777366372353,0.6823747680890538,0.6804601966969753,0.6864375671410882,0.007142368819813419
8.803802808125814,0.14681606293152738,0.6275998751322428,0.009012844934881787,12,sqrt,1,2,200,"{'classifier__max_depth': 12, 'classifier__max_features': 'sqrt', 'classifier__min_samples_leaf': 1, 'classifier__min_samples_split': 2, 'classifier__n_estimators': 200}",0.6680933852140077,0.6557623613461177,0.6543095458758109,0.6593884308119787,0.00618384139262661,37,0.7000381388253242,0.6882811765811484,0.6854153041203401,0.6912448731756043,0.006326897440310603
5.087840716044108,0.4818189100457505,0.530163844426473,0.09012785925352551,12,sqrt,1,10,120,"{'classifier__max_depth': 12, 'classifier__max_features': 'sqrt', 'classifier__min_samples_leaf': 1, 'classifier__min_samples_split': 10, 'classifier__n_estimators': 120}",0.6608231707317073,0.6516605166051661,0.649274297262539,0.6539193281998043,0.00497800441721833,44,0.6849417249417249,0.6789565858604479,0.679465776293823,0.6811213623653319,0.0027093906308354072
8.163592100143433,0.4281731037529519,0.5760951042175293,0.05598422736365425,12,sqrt,1,10,200,"{'classifier__max_depth': 12, 'classifier__max_features': 'sqrt', 'classifier__min_samples_leaf': 1, 'classifier__min_samples_split': 10, 'classifier__n_estimators': 200}",0.6635962387257724,0.6525690966425524,0.6488872540003678,0.6550175297895643,0.006249516064975821,42,0.6892018779342723,0.6797337278106509,0.6800334168755221,0.682989674206815,0.004394394895582022
5.062209924062093,0.7307751322375236,0.481766939163208,0.1432650303650581,12,sqrt,4,2,120,"{'classifier__max_depth': 12, 'classifier__max_features': 'sqrt', 'classifier__min_samples_leaf': 4, 'classifier__min_samples_split': 2, 'classifier__n_estimators': 120}",0.6515803254161212,0.6490260933480339,0.646192985644194,0.648933134802783,0.002200354277974112,48,0.6764732922680886,0.6720410406742396,0.6719985291413862,0.6735042873612381,0.0020994752376539074
8.5513916015625,0.372769401379471,0.55560302734375,0.04491871654929782,12,sqrt,4,2,200,"{'classifier__max_depth': 12, 'classifier__max_features': 'sqrt', 'classifier__min_samples_leaf': 4, 'classifier__min_samples_split': 2, 'classifier__n_estimators': 200}",0.6582374032836384,0.6506469500924215,0.6482055019129167,0.6523632850963256,0.004271542708217722,46,0.6793221594592092,0.6747232472324723,0.6745387453874538,0.6761947173597118,0.002212717905952648
5.08665672938029,0.7578304011297852,0.40745751063028973,0.01960512522396051,12,sqrt,4,10,120,"{'classifier__max_depth': 12, 'classifier__max_features': 'sqrt', 'classifier__min_samples_leaf': 4, 'classifier__min_samples_split': 10, 'classifier__n_estimators': 120}",0.6535137166478767,0.6485991576634316,0.6460418562329391,0.6493849101814159,0.0031005622909097115,47,0.6776631035753778,0.6711066508530243,0.671320962704391,0.6733635723775978,0.003041486345294837
8.690600474675497,0.03964468383699507,0.5621798038482666,0.046482786873350335,12,sqrt,4,10,200,"{'classifier__max_depth': 12, 'classifier__max_features': 'sqrt', 'classifier__min_samples_leaf': 4, 'classifier__min_samples_split': 10, 'classifier__n_estimators': 200}",0.6592072823819458,0.650655828560872,0.6513761467889908,0.6537464192439363,0.003872594672524192,45,0.6786970201739774,0.6744571218255428,0.6767948124131542,0.6766496514708914,0.0017339719866313493
9.354479630788168,0.4058345300230137,0.45969510078430176,0.08538743354825594,12,0.7,1,2,120,"{'classifier__max_depth': 12, 'classifier__max_features': 0.7, 'classifier__min_samples_leaf': 1, 'classifier__min_samples_split': 2, 'classifier__n_estimators': 120}",0.6631721995728984,0.6570506737521351,0.6612812323877513,0.6605013685709282,0.002559219968813451,35,0.7028833301508497,0.6958486303304151,0.695561654206492,0.6980978715625857,0.0033858577691055387
15.791332244873047,0.35359109146771317,0.4974507490793864,0.02259635283339511,12,0.7,1,2,200,"{'classifier__max_depth': 12, 'classifier__max_features': 0.7, 'classifier__min_samples_leaf': 1, 'classifier__min_samples_split': 2, 'classifier__n_estimators': 200}",0.6645914396887159,0.6586666666666666,0.6600337901257743,0.6610972988270523,0.0025329853149951,33,0.7071812596006144,0.69688972667295,0.6941009910335064,0.699390659102357,0.005625202438387599
9.53116226196289,0.34820392286844754,0.3988162676493327,0.04161290799174914,12,0.7,1,10,120,"{'classifier__max_depth': 12, 'classifier__max_features': 0.7, 'classifier__min_samples_leaf': 1, 'classifier__min_samples_split': 10, 'classifier__n_estimators': 120}",0.662156938538848,0.6570670708601744,0.6583083832335329,0.6591774642108518,0.0021668970988420167,38,0.7039800995024875,0.6940999624201428,0.6936306936306936,0.6972369185177746,0.004771996133250224
15.698767820994059,0.4216159207867852,0.493782917658488,0.04089510766867687,12,0.7,1,10,200,"{'classifier__max_depth': 12, 'classifier__max_features': 0.7, 'classifier__min_samples_leaf': 1, 'classifier__min_samples_split': 10, 'classifier__n_estimators': 200}",0.6629169899146625,0.6584440227703985,0.6583083832335329,0.6598897986395312,0.0021412636118521545,36,0.7039479973233916,0.6949647058823529,0.6929386254360328,0.6972837762139257,0.0047843587338066455
10.13369369506836,0.03419724575869918,0.29663904507954914,0.022816178670181902,12,0.7,4,2,120,"{'classifier__max_depth': 12, 'classifier__max_features': 0.7, 'classifier__min_samples_leaf': 4, 'classifier__min_samples_split': 2, 'classifier__n_estimators': 120}",0.6628131021194605,0.6566994700984103,0.655994043186895,0.658502205134922,0.0030618383791822753,41,0.7010387877632708,0.6917744050964961,0.6913231695840392,0.694712120814602,0.004477420342225254
15.635972738265991,0.1712639865311723,0.4517943064371745,0.05712477686001849,12,0.7,4,2,200,"{'classifier__max_depth': 12, 'classifier__max_features': 0.7, 'classifier__min_samples_leaf': 4, 'classifier__min_samples_split': 2, 'classifier__n_estimators': 200}",0.6643464810518175,0.6604562737642585,0.6580717488789237,0.6609581678983333,0.0025861153946606184,34,0.7029040886511272,0.6941806900441854,0.6901540774145059,0.6957462853699395,0.005321592066071326
9.886834144592285,0.22773671171070042,0.36759312947591144,0.01565511779095445,12,0.7,4,10,120,"{'classifier__max_depth': 12, 'classifier__max_features': 0.7, 'classifier__min_samples_leaf': 4, 'classifier__min_samples_split': 10, 'classifier__n_estimators': 120}",0.6606525911708253,0.6564219313223297,0.6593036315986522,0.6587927180306025,0.0017645386921102443,40,0.6961953435547984,0.6964621753857734,0.6908748824082784,0.6945108004496167,0.0025732890508714554
15.257835070292154,0.19649042850423315,0.5637102127075195,0.07759267765051614,12,0.7,4,10,200,"{'classifier__max_depth': 12, 'classifier__max_features': 0.7, 'classifier__min_samples_leaf': 4, 'classifier__min_samples_split': 10, 'classifier__n_estimators': 200}",0.6631843683497776,0.6569370735405611,0.6570841889117043,0.659068543600681,0.0029109472406834234,39,0.7001809006950395,0.694744758860581,0.6920180722891566,0.6956479106149257,0.0033931012574049037
6.632772445678711,0.234240353117091,0.5189096132914225,0.05184454976364218,20,sqrt,1,2,120,"{'classifier__max_depth': 20, 'classifier__max_features': 'sqrt', 'classifier__min_samples_leaf': 1, 'classifier__min_samples_split': 2, 'classifier__n_estimators': 120}",0.7834701386923295,0.7746158224245874,0.7935267857142857,0.7838709156104008,0.00772556792905322,6,0.9895505476520207,0.9900741299158186,0.9864355689525245,0.9886867488401213,0.0016061118187475846
9.648574431737265,0.794709452196576,0.9057015577952067,0.2723763700511844,20,sqrt,1,2,200,"{'classifier__max_depth': 20, 'classifier__max_features': 'sqrt', 'classifier__min_samples_leaf': 1, 'classifier__min_samples_split': 2, 'classifier__n_estimators': 200}",0.785491640691414,0.7768878718535469,0.7947279865395401,0.7857024996948336,0.007284722330184825,5,0.9899244332493703,0.9911949685534591,0.9881790744466801,0.9897661587498364,0.0012363096776908703
6.010985294977824,0.4578662372154452,0.497600793838501,0.02054542850840922,20,sqrt,1,10,120,"{'classifier__max_depth': 20, 'classifier__max_features': 'sqrt', 'classifier__min_samples_leaf': 1, 'classifier__min_samples_split': 10, 'classifier__n_estimators': 120}",0.7567700640078779,0.7603469640644361,0.7653429602888087,0.7608199961203743,0.0035158173213216217,22,0.906905491397596,0.9148481973434535,0.9044091710758377,0.9087209532722959,0.004450860869379386
9.760595321655273,0.4467272669755289,0.7824539343516032,0.14639887637997398,20,sqrt,1,10,200,"{'classifier__max_depth': 20, 'classifier__max_features': 'sqrt', 'classifier__min_samples_leaf': 1, 'classifier__min_samples_split': 10, 'classifier__n_estimators': 200}",0.7606541129831517,0.7610531544957775,0.765103914934751,0.7622703941378934,0.002010213688785065,20,0.9099716446124764,0.9156454491374182,0.9079320113314447,0.9111830350271131,0.0032634215938858215
5.268888870875041,0.20239185265415244,0.5286524295806885,0.11497576877982328,20,sqrt,4,2,120,"{'classifier__max_depth': 20, 'classifier__max_features': 'sqrt', 'classifier__min_samples_leaf': 4, 'classifier__min_samples_split': 2, 'classifier__n_estimators': 120}",0.7405329593267882,0.7464024534088228,0.7466788822721027,0.7445380983359046,0.0028343085095395857,30,0.8623163648787154,0.8705341757610568,0.8564604185623294,0.8631036530673671,0.005772493825097114
9.695329189300537,0.1979200028730853,0.6875569025675455,0.01296283242854348,20,sqrt,4,2,200,"{'classifier__max_depth': 20, 'classifier__max_features': 'sqrt', 'classifier__min_samples_leaf': 4, 'classifier__min_samples_split': 2, 'classifier__n_estimators': 200}",0.7446558609349307,0.7501779359430605,0.7461520790259591,0.7469952919679835,0.0023318925286914807,28,0.8642710002288854,0.8725388601036269,0.8610857664233577,0.8659652089186234,0.004826737754463399
5.323702812194824,0.35128904955137874,0.5511343479156494,0.11138088896593504,20,sqrt,4,10,120,"{'classifier__max_depth': 20, 'classifier__max_features': 'sqrt', 'classifier__min_samples_leaf': 4, 'classifier__min_samples_split': 10, 'classifier__n_estimators': 120}",0.7398656474403521,0.7443714821763602,0.7369133574007221,0.7403834956724781,0.003066706309803599,32,0.8576936160562422,0.8613951374687571,0.8485188509874326,0.8558692015041439,0.005412704483017427
9.66646440823873,0.18285484180584247,0.7251583735148112,0.023768978094136316,20,sqrt,4,10,200,"{'classifier__max_depth': 20, 'classifier__max_features': 'sqrt', 'classifier__min_samples_leaf': 4, 'classifier__min_samples_split': 10, 'classifier__n_estimators': 200}",0.7436554132712456,0.7446009389671362,0.7415119963784518,0.7432561162056112,0.0012922771088316148,31,0.8605895072265848,0.8626780626780627,0.8510494245091401,0.8581056648045958,0.005061844940262034
11.049971659978231,0.19590905677468629,0.4001005490620931,0.022253172105804395,20,0.7,1,2,120,"{'classifier__max_depth': 20, 'classifier__max_features': 0.7, 'classifier__min_samples_leaf': 1, 'classifier__min_samples_split': 2, 'classifier__n_estimators': 120}",0.7831460674157303,0.7731611454239191,0.7907752153375938,0.7823608093924145,0.007212319892764099,8,0.9863835103060588,0.9881324172392255,0.9839452395768513,0.9861537223740452,0.0017171130936052062
18.517287254333496,0.5425623062084807,0.6299986839294434,0.019475342086218223,20,0.7,1,2,200,"{'classifier__max_depth': 20, 'classifier__max_features': 0.7, 'classifier__min_samples_leaf': 1, 'classifier__min_samples_split': 2, 'classifier__n_estimators': 200}",0.7831223628691983,0.7739032620922385,0.7937395192845165,0.7835883814153176,0.008104819751791545,7,0.9865101174119411,0.988255872063968,0.9856733524355301,0.9868131139704798,0.0010758584459805397
10.737009366353353,0.2878722224777302,0.4611273606618245,0.07500857882405795,20,0.7,1,10,120,"{'classifier__max_depth': 20, 'classifier__max_features': 0.7, 'classifier__min_samples_leaf': 1, 'classifier__min_samples_split': 10, 'classifier__n_estimators': 120}",0.7691103574223845,0.7643246046149857,0.7756985388361959,0.7697111669578555,0.0046627834312806685,13,0.9442893555043088,0.9483282674772037,0.9426070038910506,0.9450748756241877,0.002400832584696574
17.844690720240276,0.622486886732674,0.5801771481831869,0.06820340292957944,20,0.7,1,10,200,"{'classifier__max_depth': 20, 'classifier__max_features': 0.7, 'classifier__min_samples_leaf': 1, 'classifier__min_samples_split': 10, 'classifier__n_estimators': 200}",0.7727748691099476,0.7645068956544366,0.77482088024565,0.7707008816700114,0.004458747018517385,12,0.9469209279727924,0.950979199610753,0.9451056594607724,0.9476685956814394,0.002455452941960444
11.14350954691569,0.1832668635058102,0.36123911539713544,0.01620117557058249,20,0.7,4,2,120,"{'classifier__max_depth': 20, 'classifier__max_features': 0.7, 'classifier__min_samples_leaf': 4, 'classifier__min_samples_split': 2, 'classifier__n_estimators': 120}",0.7640392848149081,0.7589172780166962,0.7646332427759941,0.7625299352025326,0.0025660170786216655,19,0.9259834987444697,0.9330448371198461,0.9241247460867487,0.9277176939836882,0.003842532225454305
17.96780300140381,0.79748310635554,0.651898463567098,0.021577242639525807,20,0.7,4,2,200,"{'classifier__max_depth': 20, 'classifier__max_features': 0.7, 'classifier__min_samples_leaf': 4, 'classifier__min_samples_split': 2, 'classifier__n_estimators': 200}",0.7649886162408297,0.7552518349784865,0.7663043478260869,0.7621815996818011,0.004929436515031518,21,0.9303888622179549,0.9352587244283995,0.9266714593817398,0.9307730153426981,0.003516244252307992
10.497455517450968,0.3233625156391608,0.39093812306722003,0.008944059320996924,20,0.7,4,10,120,"{'classifier__max_depth': 20, 'classifier__max_features': 0.7, 'classifier__min_samples_leaf': 4, 'classifier__min_samples_split': 10, 'classifier__n_estimators': 120}",0.7620234238724146,0.7524900398406374,0.7608111409723919,0.758441534895148,0.004237344097058865,24,0.917747887156291,0.9211499463199332,0.9148632580261593,0.9179203638341278,0.002569425821601214
16.143285751342773,2.840667623594233,0.4854833285013835,0.1591345950126196,20,0.7,4,10,200,"{'classifier__max_depth': 20, 'classifier__max_features': 0.7, 'classifier__min_samples_leaf': 4, 'classifier__min_samples_split': 10, 'classifier__n_estimators': 200}",0.7618095476130967,0.7559449311639549,0.7626250304952428,0.7601265030907648,0.002975501180986918,23,0.919047619047619,0.9242695289206917,0.9153992395437263,0.9195721291706791,0.003640223579184
